points, weights
3.20770E-02,8.13791E-02
1.60926E-01,1.71362E-01
3.61656E-01,2.22259E-01
5.88344E-01,2.22259E-01
7.89074E-01,1.71362E-01
9.17923E-01,8.13791E-02
9.53472E-01,8.69637E-03
9.66501E-01,1.63036E-02
9.83500E-01,1.63036E-02
9.96528E-01,8.69637E-03
